{
  "val": {
    "accuracy": 0.6666666666666666,
    "precision": 0.5,
    "recall": 0.6666666666666666,
    "f1_score": 0.5555555555555555,
    "confusion_matrix": [
      [
        0,
        0,
        1
      ],
      [
        0,
        1,
        0
      ],
      [
        0,
        0,
        1
      ]
    ]
  },
  "test": {
    "accuracy": 1.0,
    "precision": 1.0,
    "recall": 1.0,
    "f1_score": 1.0,
    "confusion_matrix": [
      [
        2,
        0,
        0
      ],
      [
        0,
        4,
        0
      ],
      [
        0,
        0,
        1
      ]
    ]
  },
  "selected_model_version": "rf-20260611T04445"
}